{
  "update": 80,
  "hypervolume": 3347503.4114995333,
  "reference_point": [
    0.0,
    0.0,
    0.0,
    0.0,
    0.0,
    0.0
  ],
  "weights": [
    [
      0.09677311778068542,
      0.023685596883296967,
      0.04911698400974274,
      0.04533173516392708,
      0.3997604548931122,
      0.3853321075439453
    ],
    [
      0.05820973590016365,
      0.04725838825106621,
      0.2500362694263458,
      0.2496061474084854,
      0.08954615145921707,
      0.30534330010414124
    ],
    [
      0.3053882122039795,
      0.06498374044895172,
      0.011011338792741299,
      0.44867217540740967,
      0.1113932654261589,
      0.058551330119371414
    ],
    [
      0.11248621344566345,
      0.5680500864982605,
      0.01648644544184208,
      0.08773880451917648,
      0.02350999042391777,
      0.19172847270965576
    ],
    [
      0.2997090816497803,
      0.026352543383836746,
      0.2901035249233246,
      0.24168090522289276,
      0.07279573380947113,
      0.0693582147359848
    ],
    [
      0.1740204244852066,
      0.06451220065355301,
      0.25796008110046387,
      0.3019426465034485,
      0.06170499324798584,
      0.1398596465587616
    ],
    [
      0.018413791432976723,
      0.007197852246463299,
      0.42229729890823364,
      0.09176080673933029,
      0.23809657990932465,
      0.22223366796970367
    ],
    [
      0.2639063596725464,
      0.02912679873406887,
      0.19125039875507355,
      0.05059516802430153,
      0.23566879332065582,
      0.2294524759054184
    ],
    [
      0.3710789084434509,
      0.18952779471874237,
      0.13313552737236023,
      0.06036179140210152,
      0.14238806068897247,
      0.10350781679153442
    ],
    [
      0.058524735271930695,
      0.30407220125198364,
      0.01207389123737812,
      0.3487681448459625,
      0.06221738085150719,
      0.21434353291988373
    ],
    [
      0.1361287385225296,
      0.253306120634079,
      0.08220059424638748,
      0.07143101841211319,
      0.3944268822669983,
      0.06250672042369843
    ],
    [
      0.19136102497577667,
      0.17404571175575256,
      0.12054302543401718,
      0.18087105453014374,
      0.09201125800609589,
      0.24116791784763336
    ],
    [
      0.18354833126068115,
      0.1367318332195282,
      0.15226519107818604,
      0.308534175157547,
      0.18798969686031342,
      0.03093074820935726
    ],
    [
      0.13287195563316345,
      0.010244692675769329,
      0.3243404030799866,
      0.29015329480171204,
      0.059364352375268936,
      0.1830252856016159
    ],
    [
      0.43903040885925293,
      0.05524594709277153,
      0.10457492619752884,
      0.11814967542886734,
      0.1359025537967682,
      0.14709648489952087
    ],
    [
      0.14118541777133942,
      0.07647240906953812,
      0.20261943340301514,
      0.28648677468299866,
      0.0573691725730896,
      0.23586678504943848
    ],
    [
      0.030458690598607063,
      0.1122632846236229,
      0.3270472288131714,
      0.19975724816322327,
      0.20753809809684753,
      0.122935451567173
    ],
    [
      0.15515099465847015,
      0.012709259986877441,
      0.13699990510940552,
      0.12427651137113571,
      0.04066524654626846,
      0.5301980972290039
    ],
    [
      0.13002631068229675,
      0.3113122284412384,
      0.3018946647644043,
      0.003722862573340535,
      0.008286818861961365,
      0.24475713074207306
    ],
    [
      0.35470858216285706,
      0.050689179450273514,
      0.20139987766742706,
      0.1264767050743103,
      0.08452532440423965,
      0.1822003275156021
    ],
    [
      0.024830671027302742,
      0.07578393816947937,
      0.6641831398010254,
      0.03844689205288887,
      0.009465490467846394,
      0.18728986382484436
    ],
    [
      0.015875471755862236,
      0.16037572920322418,
      0.1346990019083023,
      0.009115264751017094,
      0.4985421895980835,
      0.1813923418521881
    ],
    [
      0.013520334847271442,
      0.1051831990480423,
      0.2683064341545105,
      0.16684368252754211,
      0.3384643793106079,
      0.10768197476863861
    ],
    [
      0.20854775607585907,
      0.44847530126571655,
      0.22548535466194153,
      0.05542020499706268,
      0.0423300564289093,
      0.019741376861929893
    ],
    [
      0.47908011078834534,
      0.05084865167737007,
      0.1112399622797966,
      0.044084854423999786,
      0.18433795869350433,
      0.13040846586227417
    ],
    [
      0.24685031175613403,
      0.09990677982568741,
      0.0144070815294981,
      0.026424627751111984,
      0.47851067781448364,
      0.13390058279037476
    ],
    [
      0.015822596848011017,
      0.09440239518880844,
      0.2118680328130722,
      0.15709322690963745,
      0.4257616400718689,
      0.09505210816860199
    ],
    [
      0.11963265389204025,
      0.014856504276394844,
      0.10401373356580734,
      0.012600071728229523,
      0.11521786451339722,
      0.6336791515350342
    ],
    [
      0.14193616807460785,
      0.4720962345600128,
      0.02674289233982563,
      0.15420667827129364,
      0.13401925563812256,
      0.07099879533052444
    ],
    [
      0.1177666187286377,
      0.24762123823165894,
      0.18787787854671478,
      0.1344933658838272,
      0.29725638031959534,
      0.014984507113695145
    ]
  ],